instance_id,theorem_name,proof_url,licence_status,redistribution_status,reviewer,notes
erdosproblems-370-erdos-370,Erdos370.erdos_370,https://github.com/XC0R/formal-conjectures/blob/f58dea7d2cc5c9da2e050ec80a73e838b54a6dd2/FormalConjectures/ErdosProblems/370.lean#L73,Apache-2.0,bundled,Codex,"Pilot oracle copied from pinned Formal Conjectures fork file with Apache-2.0 header; canary pass still required."
erdosproblems-741-i,Erdos741.erdos_741.parts.i,https://github.com/mo271/formal-conjectures/blob/486bc8afae062b6711cd16d3466d651ee2880a52/FormalConjectures/ErdosProblems/741.lean#L1449,Apache-2.0,bundled,Codex,"Hard pilot oracle copied from pinned Formal Conjectures fork file with Apache-2.0 header; oracle passes hardened verifier offline."
erdosproblems-152-erdos-152,Erdos152.erdos_152,https://github.com/mo271/formal-conjectures/blob/29c60aa79729701905cf9e92517af23f588971f2/FormalConjectures/ErdosProblems/152.lean#L485,Apache-2.0,bundled,Codex,"Parallel import trial oracle copied from pinned Formal Conjectures fork file with Apache-2.0 header; oracle passes hardened verifier offline."
erdosproblems-350-erdos-350,Erdos350.erdos_350,https://github.com/XC0R/formal-conjectures/blob/ba788c9124b563bce98a3413d474b3a2731fd0af/FormalConjectures/ErdosProblems/350.lean#L226,Apache-2.0,bundled,Codex,"Parallel import trial oracle copied from pinned Formal Conjectures fork file with Apache-2.0 header; oracle passes hardened verifier offline."
openquantumproblems-13-mutuallyunbiasedbases-dim6-bounds,OpenQuantumProblem13.mutuallyUnbiasedBases_dim6_bounds,https://github.com/XC0R/formal-conjectures/blob/c8733543568e8011288a9fa7ef33375f5e5907d3/FormalConjectures/OpenQuantumProblems/13.lean#L1168,Apache-2.0,bundled,Codex,"Parallel import trial oracle copied from pinned Formal Conjectures fork file with Apache-2.0 header; oracle passes hardened verifier offline."
erdosproblems-846-erdos-846,Erdos846.erdos_846,https://github.com/google-deepmind/formal-conjectures/blob/2404258180688283e5141021c75464dc2acfb798/FormalConjectures/ErdosProblems/846.lean,Apache-2.0,bundled,Codex,"Oracle ported from the upstream Apache-2.0 Formal Conjectures proof to the pinned Lean 4.27.0/mathlib environment; oracle passes hardened verifier offline."
greensopenproblems-94-green-94-outer-measure,Green94.green_94_outer_measure,https://github.com/google-deepmind/formal-conjectures/blob/153d79d6c82c76fe1bee860742af800840c974d9/FormalConjectures/GreensOpenProblems/94.lean#L174,Apache-2.0,bundled,Codex,"Oracle copied from the upstream Apache-2.0 Formal Conjectures proof and repaired for the pinned Lean 4.27.0/mathlib environment; Modal oracle passes hardened verifier."
mathoverflow-486451-exists-semiring-unique-left-right-maximal-ne,Mathoverflow486451.exists_semiring_unique_left_right_maximal_ne,https://github.com/google-deepmind/formal-conjectures/blob/f7502b9ed3e32d193ab8fee53d2e28f7d67f2dc3/FormalConjectures/Mathoverflow/486451.lean#L333,Apache-2.0,bundled,Codex,"Oracle copied from the upstream Apache-2.0 Formal Conjectures proof and repaired for the pinned Lean 4.27.0/mathlib environment; Modal oracle passes hardened verifier."
openquantumproblems-35-ame-11-5-open,OpenQuantumProblem35.ame_11_5_open,https://github.com/google-deepmind/formal-conjectures/blob/47383bf7fbe86effc9ac184446e320f26ddbee3a/FormalConjectures/OpenQuantumProblems/35.lean#L2138,Apache-2.0,bundled,Codex,"Oracle copied from the upstream Apache-2.0 Formal Conjectures proof and repaired for the pinned Lean 4.27.0/mathlib environment; Modal oracle passes hardened verifier."
erdosproblems-263-ii,Erdos263.erdos_263.parts.ii,https://github.com/google-deepmind/formal-conjectures/blob/c8cf651906abe91051cf835d4232ad5648412113/FormalConjectures/ErdosProblems/263.lean#L298,Apache-2.0,bundled,Codex,"Oracle copied from the upstream Apache-2.0 Formal Conjectures proof and ported to the pinned Lean 4.27.0/mathlib environment; local Docker oracle passes hardened verifier."
erdosproblems-741-ii,Erdos741.erdos_741.parts.ii,https://github.com/mo271/formal-conjectures/blob/486bc8afae062b6711cd16d3466d651ee2880a52/FormalConjectures/ErdosProblems/741.lean#L1629,Apache-2.0,bundled,Codex,"Oracle copied from an Apache-2.0 Formal Conjectures fork proof and ported to the pinned Lean 4.27.0/mathlib environment; Modal oracle passes hardened verifier."
erdosproblems-12-i,Erdos12.erdos_12.parts.i,https://github.com/mo271/formal-conjectures/blob/8d872b465955e46e2d28bc165d186ea41fd0da9e/FormalConjectures/ErdosProblems/12.lean#L810,Apache-2.0,bundled,Codex,"Oracle copied from an Apache-2.0 Formal Conjectures fork proof and ported to the pinned Lean 4.27.0/mathlib environment; Modal oracle passes hardened verifier."
erdosproblems-26-tenenbaum,Erdos26.erdos_26.variants.tenenbaum,https://github.com/mo271/formal-conjectures/blob/09c54540aa51cb40dff73660c94a82e2631386f8/FormalConjectures/ErdosProblems/26.lean#L625,Apache-2.0,bundled,Codex,"Oracle copied from an Apache-2.0 Formal Conjectures fork proof and ported to the pinned Lean 4.27.0/mathlib environment; Modal oracle passes hardened verifier."
greensopenproblems-57-green-57,Green57.green_57,https://github.com/mo271/formal-conjectures/blob/f5afe85e1e02611f63c32ae041b33c67b7938cba/FormalConjectures/GreensOpenProblems/57.lean#L1120,Apache-2.0,bundled,Codex,"Oracle copied from an Apache-2.0 Formal Conjectures fork proof and ported to the pinned Lean 4.27.0/mathlib environment; Modal oracle passes hardened verifier."
erdosproblems-1043-erdos-1043,Erdos1043.erdos_1043,https://github.com/XC0R/formal-conjectures/blob/7db17471701f15b125d1c36bc1fa5bb9b702d6be/FormalConjectures/ErdosProblems/1043.lean#L214,Apache-2.0,bundled,Codex,"Oracle copied from an Apache-2.0 Formal Conjectures fork proof and ported to the pinned Lean 4.27.0/mathlib environment; Modal oracle passes hardened verifier."
erdosproblems-1082-ii,Erdos1082.erdos_1082.parts.ii,https://github.com/google-deepmind/formal-conjectures/blob/0aca4d71095301c0fd2dca32611b7addb2ea735c/FormalConjectures/ErdosProblems/1082.lean,Apache-2.0,bundled,Codex,"Oracle copied from the upstream Apache-2.0 Formal Conjectures proof and ported to the pinned Lean 4.27.0/mathlib environment; Modal oracle passes hardened verifier."
erdosproblems-978-allow-fixed-divisors,Erdos978.erdos_978.variants.allow_fixed_divisors,https://github.com/mo271/formal-conjectures/blob/3b5d6ac2555cd63b83d418c29ff040876be9dee0/FormalConjectures/ErdosProblems/978.lean#L64,Apache-2.0,bundled,Codex,"Oracle copied from an Apache-2.0 Formal Conjectures fork proof and ported to the pinned Lean 4.27.0/mathlib environment; Modal oracle passes hardened verifier."
erdosproblems-397-erdos-397,Erdos397.erdos_397,https://github.com/XC0R/formal-conjectures/blob/3c356a50a21bcbf3543f960b0c92d7fb26228cb6/FormalConjectures/ErdosProblems/397.lean#L147,Apache-2.0,bundled,Codex,"Oracle copied from an Apache-2.0 Formal Conjectures fork proof and ported to the pinned Lean 4.27.0/mathlib environment; Modal oracle passes hardened verifier."
mathoverflow-10799-mathoverflow-10799,Mathoverflow10799.mathoverflow_10799,https://github.com/mo271/formal-conjectures/blob/408f53dc0856c0882a5e77acd24fc83b978f0bc9/FormalConjectures/Mathoverflow/10799.lean#L252,Apache-2.0,bundled,Codex,"Oracle copied from an Apache-2.0 Formal Conjectures fork proof and ported to the pinned Lean 4.27.0/mathlib environment; Modal oracle passes hardened verifier."
paper-casasalvero-positive-char-counterexample,CasasAlvero.casas_alvero.positive_char_counterexample,https://github.com/mzhorvath1/formal-conjectures/blob/4f2343508f2c157f35abb7be4814bd550280ce81/FormalConjectures/Paper/CasasAlvero.lean#163,Apache-2.0,bundled,Codex,"Oracle copied from an Apache-2.0 Formal Conjectures fork proof and ported to the pinned Lean 4.27.0/mathlib environment; Modal oracle passes hardened verifier."
